category,algorithm,language,time_s,energy_j,power_w,std_time_s,std_energy_j,std_power_w,n_runs,sem_time_s,sem_energy_j,sem_power_w,cv_time_pct,cv_energy_pct,platform,edp,aei,n_energy_local,n_time_local,ges_local,ges_global,rank_in_category,rank_in_algorithm,rank_in_cat_algo
floating_point,gaussian_elimination,c,0.002270514,0.1994197999999999,87.9275842,9.757545910729787e-05,0.0147197414892759,6.682752541466541,10,3.085606945156813e-05,0.004654790967499,2.11327190703131,4.297505283266164,7.381283849084157,intel,0.00045278544777719974,2208.551544465859,0.0003243943902844519,0.0001256810383940193,0.00022503771433923558,0.004111759072081994,2.0,1.0,1.0
floating_point,gaussian_elimination,cpp,0.0023922685,0.206036,86.61547759999999,0.0002310954378819,0.010240603443591,6.818875043443497,10,7.307879405808042e-05,0.0032383631496311,2.1563176217361057,9.660096175739197,4.970298124401095,intel,0.000492893432666,2028.8361210071776,0.0006050243804779729,0.00018676454968521473,0.00039589446508159383,0.004267252067272701,8.0,2.0,2.0
floating_point,gaussian_elimination,go,0.0025846643,0.2140616,82.8569354,0.0001169994551383,0.0142185188179985,4.960084526353764,10,3.6998476323597136e-05,0.004496290441884,1.5685164490235364,4.526678963236344,6.642255695556096,intel,0.00055327737552088,1807.4116966350834,0.0009454348954710336,0.0002832883826579473,0.0006143616390644905,0.004461845158939399,11.0,4.0,4.0
floating_point,gaussian_elimination,java,0.0252714743,0.6991683,27.688584100000003,0.0009659163984095,0.0202302704548846,0.9442558499854032,10,0.000305449584828,0.0063973732318646,0.2985999179892145,3.822160855924181,2.8934764998476945,intel,0.017669013724824687,56.59625463955669,0.02152151912264212,0.011665126547129933,0.01659332283488603,0.017702276740038148,13.0,5.0,5.0
floating_point,gaussian_elimination,rust,0.002558452,0.2086362,81.8169073,0.0002076763830862,0.0130636114098156,5.8338662774347,10,6.567303867781496e-05,0.004131076652238,1.8448305001541412,8.117267124269995,6.261430858985969,intel,0.0005337857031624,1873.4109851116752,0.0007153133833045474,0.0002701378270479436,0.0004927256051762454,0.004344181552677826,9.0,3.0,3.0
floating_point,matrix_multiplication,c,0.0172619553,0.5308946999999999,30.7601082,0.0002105498812696,0.0139258625190686,0.9179739481718312,10,6.658171858902234e-05,0.0044037443942626,0.2902888508920347,1.2197336721737606,2.623093151818732,intel,0.009164280580406909,109.11931288288845,0.014384096022096822,0.007646798318821788,0.011015447170459304,0.013090734652968079,12.0,4.0,4.0
floating_point,matrix_multiplication,cpp,0.002635133,0.2016779999999999,76.7639106,0.0002697626404535,0.0148127033769441,3.9163963880935264,10,8.530643714541381e-05,0.0046841880975611,1.2384732806432288,10.237154650391464,7.344729408732819,intel,0.0005314483531739998,1881.650388090662,0.0004201772632107546,0.0003086082304360742,0.00036439274682341437,0.004208021102174399,5.0,1.0,1.0
floating_point,matrix_multiplication,go,0.0027327391,0.2091424,79.22229300000001,0.0008012712233222,0.0197067733488316,11.217782432311704,10,0.0002533842089247,0.0062318289115012,3.5473742782328603,29.32117534828854,9.422658126153124,intel,0.0005715316139478401,1749.684489179042,0.0007367841521803314,0.00035757663251927894,0.0005471803923498052,0.004378133220392039,10.0,3.0,3.0
floating_point,matrix_multiplication,java,0.0315932571,0.8255597,26.1244142,0.0010142317716929,0.0826849571217965,2.4704527802118825,10,0.0003207282473857,0.0261472792738237,0.7812257637364899,3.2102792329473164,10.015624202804055,intel,0.02608211985349887,38.340441866570586,0.02688248422988568,0.014836727523227611,0.020859605876556647,0.021206915862461977,15.0,5.0,5.0
floating_point,matrix_multiplication,rust,0.0021590609,0.2072137,96.0013833,7.115983774019666e-05,0.0132698745120919,5.750222475986953,10,2.2502716518703062e-05,0.0041963027722826,1.8183800076811645,3.2958698728783737,6.403956163174499,intel,0.00044738699761433,2235.2013029713708,0.000654977214348005,6.976567845012616e-05,0.0003623714463990656,0.004260855345806089,7.0,2.0,2.0
floating_point,monte_carlo_pi,c,1.1881131925,15.0487042,12.6659747,0.0017214477359913,0.4932168833509255,0.4125452069693023,10,0.0005443695718672,0.1559688731838505,0.1304582491808565,0.1448892030538849,3.277470782839399,intel,17.87956399005016,0.05592977549992228,0.630165471678266,0.5950559270805208,0.6126106993793934,0.4750999572059751,24.0,4.0,4.0
floating_point,monte_carlo_pi,cpp,1.1889023411,15.0214277,12.6346592,0.0017130431502937,0.3985709960658197,0.33366104338445,10,0.0005417118085078,0.126039215685,0.1055128863563118,0.1440861112872259,2.653349628449896,intel,17.859010559194388,0.05599414349890555,0.6290085229875503,0.5954518382576727,0.6122301806226115,0.4746315160702197,23.0,3.0,3.0
floating_point,monte_carlo_pi,go,0.1273607095,2.4772033,19.4281337,0.0014562617694405,0.3592073048740796,2.7047241621290468,10,0.0004605104060859,0.1135913235572594,0.8553088794818322,1.1434152456889357,14.500517776400493,intel,0.31549836986374136,3.169588484504322,0.09693791291571516,0.06288269099894651,0.07991030195733084,0.06876332196592903,19.0,2.0,2.0
floating_point,monte_carlo_pi,java,1.9952665811,23.7680118,11.9112602,0.0162695034428983,0.5738125745221462,0.2223399466721573,10,0.005144868727951,0.1814554685535086,0.0703100646324392,0.8154049988613019,2.41422201970695,intel,47.42351964373046,0.02108658335594885,1.0,1.0,1.0,0.7664765545070995,25.0,5.0,5.0
floating_point,monte_carlo_pi,rust,0.002190272,0.20097,91.8524868,0.0001352828453467,0.0140862865463778,5.454816971965843,10,4.278019196440232e-05,0.0044544749260341,1.7249645850754909,6.176531743397361,7.009148901019002,intel,0.00044017896384000005,2271.8032485611657,0.0003901470293821245,8.5424102403743e-05,0.00023778556589293374,0.004133650286485306,3.0,1.0,1.0
floating_point,newton_raphson,c,0.5246650442,6.3297141,12.0677468,0.0095064088700174,0.3816544389963983,0.7392522417881765,10,0.0030061904398082,0.1206897306342406,0.2337720849436143,1.8119005592439696,6.02956836544005,intel,3.320979728049864,0.3011159603154871,0.2603444103046118,0.2622079218092108,0.2612761660569113,0.2029419523246497,20.0,4.0,4.0
floating_point,newton_raphson,cpp,0.0020200007,0.2003471,99.5731179,0.0001040456286486,0.015247996199501,10.650568375090623,10,3.290211671139105e-05,0.0048218397744014,3.3680054440644915,5.150771910558478,7.610789574444101,intel,0.00040470128224297,2470.9583188313977,0.00036372636179475646,0.0,0.00018186318089737823,0.0040977799309912,1.0,1.0,1.0
floating_point,newton_raphson,go,0.0320012644,0.7584514,23.7468579,0.0018550726491573,0.0229310481526199,1.0489249372158198,10,0.0005866254796419,0.0072514341297275,0.3316991896151107,5.796872979673051,3.023403760955546,intel,0.02427140378595016,41.20074837117019,0.024036046460334647,0.015041422368317034,0.01953873441432584,0.019849393823790678,14.0,3.0,3.0
floating_point,newton_raphson,java,0.5559739589,6.6468214,11.9549846,0.0016959812932328,0.3762478618606503,0.6719584576648898,10,0.0005363163755653,0.1189800208248052,0.212491921923488,0.3050468940287036,5.660568250873271,intel,3.6954596078592408,0.2706023353288103,0.2737947017845085,0.27791541881829485,0.27585506030140167,0.21380008836129083,21.0,5.0,5.0
floating_point,newton_raphson,rust,0.0024011704,0.2039607,85.6785571,0.0002986137817818,0.011962927921523,8.076008259020192,10,9.44299691147066e-05,0.0037830099716436,2.5538580500834875,12.436176198983071,5.865310288463927,intel,0.0004897443956032799,2041.8814568938026,0.0005169993179574013,0.00019123058017413367,0.0003541149490657675,0.004224774452667844,6.0,2.0,2.0
floating_point,numerical_integration,c,0.1125670224,2.5013365,22.2218244,0.000719184167076,0.0148827527415687,0.2120753659402978,10,0.0002274260025091,0.0047063396516472,0.0670641191985037,0.6388941909829666,0.5949920269251541,intel,0.28156800182543756,3.5515399246962924,0.09796153669966033,0.05546078582902456,0.07671116126434245,0.06729336025632053,17.0,3.0,3.0
floating_point,numerical_integration,cpp,0.1118333006,2.5177427000000003,22.5153488,0.0009420149483033,0.0219070420339619,0.3197709608342261,10,0.0002978912826564,0.0069276149624367,0.1011204565816651,0.8423385013670419,0.8701064661596268,intel,0.2815674762025557,3.5515465546191636,0.09865741526214529,0.055092681949045624,0.07687504860559546,0.06754048248989077,18.0,4.0,4.0
floating_point,numerical_integration,go,0.0750039767,1.7038895,22.7218803,0.000870531198098,0.0215884645908153,0.4952999926785217,10,0.0002752861360225,0.0068268719292871,0.1566276101928851,1.1606467235463829,1.2670108355509777,intel,0.12779848835737465,7.824818688023979,0.06413735608392179,0.03661562835108627,0.05037649221750403,0.04549197818407712,16.0,2.0,2.0
floating_point,numerical_integration,java,0.5339528252,6.787671899999999,12.7107268,0.0016852337920631,0.3561834246001319,0.6390449181379625,10,0.0005329177172802,0.1126350886535265,0.2020837468471809,0.3156147345848334,5.247505033355133,intel,3.6242965875356514,0.27591560895957257,0.2797689580696498,0.26686754650960093,0.27331825228962536,0.21381981435378825,22.0,5.0,5.0
floating_point,numerical_integration,rust,0.0021869025,0.2014887,92.1699239,7.554570084135238e-05,0.0123403810768639,5.309187287704974,10,2.3889648209237216e-05,0.0039023711397331,1.6789124353559388,3.4544613141807825,6.1246020629762175,intel,0.00044063614175174993,2269.4461603274253,0.00041214799306420365,8.373364421701729e-05,0.0002479408186406105,0.004144114115563146,4.0,1.0,1.0
integer_and_control_flow_intensive,josephus_problem,c,0.0024707547999999,0.2062007,83.4783001,8.432474514083426e-05,0.0156322388746248,6.038162278876235,10,2.666582577582523e-05,0.0049433479771641,1.9094345682961709,3.412914350741493,7.581079440867502,intel,0.0005094713692883393,1962.8188359178278,0.0006120102272457353,0.0002261406613874355,0.0004190754443165854,0.004281210435284789,7.0,3.0,3.0
integer_and_control_flow_intensive,josephus_problem,cpp,0.0024721687999999,0.2140863,86.72073900000001,9.654441040934938e-05,0.0189029810467967,8.510622182682674,10,3.053002322516131e-05,0.0059776474674871,2.691295040243087,3.9052515511622583,8.829607988365778,intel,0.0005292574713674186,1889.4395527687973,0.0009464825604082761,0.00022685005680991057,0.0005866663086090934,0.004447325396732455,11.0,4.0,4.0
integer_and_control_flow_intensive,josephus_problem,go,0.0023943382,0.2061275,86.3844875,0.0001458927209392,0.0103689913068833,6.827383655149268,10,4.613532922074652e-05,0.0032789629568237,2.1590082810077265,6.093237828276732,5.030377463891689,intel,0.0004935389473204999,2026.1825443141952,0.0006089054064600632,0.0001878029059128644,0.0003983541561864638,0.004269454074549148,6.0,2.0,2.0
integer_and_control_flow_intensive,josephus_problem,java,0.0232774067,0.6518355,28.0116155,0.0006842001691443,0.0160198239916118,0.5880476213057823,10,0.0002163630909968,0.0050659131528503,0.185956985597043,2.9393315929146198,2.457648285742621,intel,0.01517304003499785,65.90637062140604,0.019513870744444408,0.010664714646460908,0.015089292695452658,0.016439730879052122,18.0,5.0,5.0
integer_and_control_flow_intensive,josephus_problem,rust,0.0024228731,0.2059321,85.0469289,0.0001330386655788,0.0117918541511597,3.606372804314432,10,4.20705200098464e-05,0.0037289116954176,1.1404352153322317,5.490946495662693,5.726088429710425,intel,0.00049894734551651,2004.2195012878576,0.0006006174012480368,0.00020211869618216153,0.00040136804871509916,0.0042691573613566625,5.0,1.0,1.0
integer_and_control_flow_intensive,knights_tour,c,0.0020299879,0.1989922,98.2724638,9.73323187509336e-05,0.010724685458221,7.598693212798221,10,3.077918171984651e-05,0.0033914433236865,2.40291777933049,4.7947240843619605,5.389500421735645,intel,0.00040395175819438,2475.543130372523,0.00030625748635066557,5.010519068842848e-06,0.00015563400270975422,0.004070605804342848,2.0,2.0,2.0
integer_and_control_flow_intensive,knights_tour,cpp,0.0020707792999999,0.1938591999999999,94.0070165,0.0001186194392023,0.0123493572464318,9.789522445141769,10,3.751076026512629e-05,0.003905209653783,3.095718813198874,5.728251156573789,6.370271437430823,intel,0.00040143961847454037,2491.0346512383926,8.85382910930626e-05,2.547532277201244e-05,5.700680693253752e-05,0.003968052477552163,1.0,1.0,1.0
integer_and_control_flow_intensive,knights_tour,go,0.0025029077,0.2084835,84.0214091,0.0004028522377649,0.0183503617478723,5.773704243936651,10,0.0001273930631832,0.0058028939011305,1.8258055947020235,16.09536930846299,8.801829280433399,intel,0.00052181495747295,1916.3881480952725,0.000708836523550829,0.00024227158082122064,0.0004755540521860248,0.004333542793591513,10.0,4.0,4.0
integer_and_control_flow_intensive,knights_tour,java,0.0227282928,0.6290879,27.6638247,0.0010756036056573,0.0659413531025023,2.5001144588082376,10,0.0003401357253366,0.0208524867797317,0.7906056100953247,4.732443457686087,10.482057134225965,intel,0.014298093988137122,69.93939197977593,0.018549017994387573,0.010389227456165663,0.014469122725276617,0.015887673284549493,17.0,5.0,5.0
integer_and_control_flow_intensive,knights_tour,rust,0.0023042265,0.2096551999999999,91.5705066,0.0002713156058292,0.0195815152619902,9.621997078834124,10,8.579752791689276e-05,0.0061922188265237,3.042742640860256,11.774693409231377,9.339866248006352,intel,0.0004830930677027998,2069.9945142148113,0.0007585348639138349,0.0001425943999075932,0.00045056463191071405,0.004331635646664489,9.0,3.0,3.0
integer_and_control_flow_intensive,producer_consumer_single_thread,c,0.0044631485,0.2438225999999999,54.6552519,9.676795907765944e-05,0.0131396204088584,3.2320371637209595,10,3.0600715521137035e-05,0.0041551128082025,1.022059891966876,2.1681545903673034,5.389008405643455,intel,0.0010882164714560996,918.9348132747333,0.002207765105886261,0.0012257127763438654,0.0017167389411150633,0.005339199290825675,15.0,3.0,3.0
integer_and_control_flow_intensive,producer_consumer_single_thread,cpp,0.0044950141999999,0.2506952,55.8413331,0.0001522207534571,0.0081330837366073,2.872715759572286,10,4.813642880715872e-05,0.0025719069008552,0.9084324870509076,3.38643543010751,3.2442119899413098,intel,0.001126878483871815,887.4071289072126,0.0024992704519465367,0.0012416996092391237,0.0018704850305928302,0.005488070153987249,16.0,4.0,4.0
integer_and_control_flow_intensive,producer_consumer_single_thread,go,0.0040837145,0.2461786,61.2172318,0.0007220945579653,0.0203064687296109,6.957038413845903,10,0.0002283463489182,0.0064214692420556,2.2000087157038157,17.682297769967633,8.248673414184225,intel,0.0010053231184097,994.7050671448593,0.0023076962229770315,0.0010353529865762313,0.0016715246047766313,0.005338046964155922,14.0,2.0,2.0
integer_and_control_flow_intensive,producer_consumer_single_thread,java,0.0305811526,0.8212748,26.8745118,0.0023703751421505,0.0881305842660007,2.433803320502147,10,0.0007495784358241,0.0278693377801961,0.7696361869667562,7.75109811312533,10.730949527003723,intel,0.02511552998533448,39.8160023134659,0.026700737691845687,0.014328960691992465,0.020514849191919076,0.020981446601033845,20.0,5.0,5.0
integer_and_control_flow_intensive,producer_consumer_single_thread,rust,0.0031936595,0.2244255,70.4339047,0.0001817204206364,0.0118851035637987,4.751914606760964,10,5.74650426574955e-05,0.0037583997488588,1.5026873403988006,5.69003742059606,5.295790168139887,intel,0.00071673863011725,1395.2087385556597,0.001385025771709145,0.0005888176663844936,0.0009869217190468192,0.004761334960264636,13.0,1.0,1.0
integer_and_control_flow_intensive,sudoku_solver,c,0.0024205088,0.1997612,83.0999428,0.0002503151049141,0.0115767445222451,7.65946367650477,10,7.915658642726943e-05,0.0036608880580172,2.42213508730822,10.341425113353925,5.795291839579035,intel,0.00048352374249855995,2068.1507692519945,0.00033887507083402645,0.00020093254087992813,0.0002699038058569773,0.004138995447688533,3.0,1.0,1.0
integer_and_control_flow_intensive,sudoku_solver,cpp,0.0023071526,0.2053704999999999,89.1271491,7.770761722594084e-05,0.0131395036626198,6.84612829874596,10,2.4573306197850824e-05,0.0041550758898003,2.16493585777709,3.368117792726013,6.397950855950507,intel,0.0004738210830382998,2110.5012752654743,0.0005767968089907427,0.00014406240694133044,0.00036042960796603656,0.004241869738700411,4.0,2.0,2.0
integer_and_control_flow_intensive,sudoku_solver,go,0.0029461309,0.2155877,73.4244868,0.0001981032521026,0.0184802662682236,7.400128621379237,10,6.264574885309896e-05,0.0058439733173966,2.3401261421760187,6.724183643797828,8.572041108200343,intel,0.00063514958462993,1574.4322663497453,0.0010101653189821618,0.0004646340342970242,0.000737399676639593,0.004542281163938399,12.0,4.0,4.0
integer_and_control_flow_intensive,sudoku_solver,java,0.0300234544,0.7769756,26.187483800000003,0.0052871846233461,0.0779063158132895,1.985994091495564,10,0.0016719545819593,0.0246361402082387,0.6280264748762817,17.61018087028039,10.026867743760484,intel,0.02332749149651264,42.867875448566586,0.024821761230798465,0.014049166809246616,0.01943546402002254,0.019974760453302383,19.0,5.0,5.0
integer_and_control_flow_intensive,sudoku_solver,rust,0.0025068611,0.2082939999999999,83.4595231,0.0001949413284654,0.0136772591877499,7.764256030307383,10,6.164586080498656e-05,0.0043251291181754,2.4552733392468657,7.776311518235235,6.5663241321161,intel,0.0005221641259633997,1915.1066691052104,0.00070079877028737,0.0002442549781785142,0.00047252687423294214,0.004330083932478926,8.0,3.0,3.0
integer_and_control_flow_intensive,towers_of_hanoi,c,0.0653015654,1.6029561,24.5489308,0.0005260058803598,0.0171024070914659,0.3698206135925301,10,0.0001663376644579,0.0054082559880447,0.116947546463342,0.8055027121292659,1.0669292247907418,intel,0.10467554259747894,9.553329986980975,0.059856206926973944,0.031747986085746,0.04580209650635997,0.04207106178980983,22.0,2.0,2.0
integer_and_control_flow_intensive,towers_of_hanoi,cpp,0.0651003111,1.5521872,23.819956,0.0007629108121375,0.1756353559121853,2.5199266891286083,10,0.0002412535817923,0.0555407762336826,0.7968707874293466,1.171900409147987,11.3153462360845,intel,0.10104786960543793,9.896299683552998,0.057702814358863,0.03164701799580722,0.044674916177335114,0.04097589545130004,21.0,1.0,1.0
integer_and_control_flow_intensive,towers_of_hanoi,go,0.3951162657,6.7820139,17.1627174,0.0011544919715685,0.3699445517372839,0.899673181349416,10,0.0003650824170534,0.1169867391459818,0.2845016402833873,0.2921904441274326,5.454789052220668,intel,2.679684006093493,0.3731783291335995,0.27952897069252775,0.197214067173322,0.23837151893292485,0.19513974159479777,25.0,5.0,5.0
integer_and_control_flow_intensive,towers_of_hanoi,java,0.2858221665,5.2425037,18.3677708,0.0066567655459797,0.3835167345347957,1.6145710151790795,10,0.002105054097503,0.1212786401920111,0.5105721852056184,2.3289885551895315,7.31552625389269,intel,1.498423765418266,0.6673679522967675,0.21422974571008782,0.14238186513935833,0.17830580542472307,0.148134432199381,24.0,4.0,4.0
integer_and_control_flow_intensive,towers_of_hanoi,rust,0.2185271498,4.1423053,18.9498347,0.0055415696480233,0.3791796376122915,1.6267664690567445,10,0.0017523981900211,0.1199071297212091,0.5144287263409137,2.5358723861520747,9.153831264254991,intel,0.905206170810434,1.1047207058969746,0.1675641875040295,0.10862035396370871,0.1380922707338691,0.11598780685531623,23.0,3.0,3.0
memory_intensive_and_allocation_heavy,crc_32,c,0.0021186135,0.2006344,95.0240562,0.0001207279537465,0.0130997349523653,8.71152371020361,10,3.817753110906117e-05,0.0041424999193991,2.754825681480402,5.698441633953879,6.529156990209731,intel,0.00042506674840439996,2352.5716931605766,0.000375912359222675,4.947345750880984e-05,0.0002126929083657424,0.004117008709487114,4.0,1.0,1.0
memory_intensive_and_allocation_heavy,crc_32,cpp,0.0027168379,0.2162471,80.3892339,0.0003722522867773,0.0136824752751669,7.515648962732026,10,0.0001177165090422,0.0043267785898466,2.3766568816515137,13.701674537791902,6.327241047471611,intel,0.00058750831704509,1702.10356345177,0.0010381341554039154,0.00034959909468910787,0.0006938666250465116,0.004525501904308473,17.0,4.0,4.0
memory_intensive_and_allocation_heavy,crc_32,go,0.0026780684999999,0.2148006,81.7972181,0.0004704612719576,0.0124282928585456,11.373807627934497,10,0.0001487729170286,0.0039301712860609,3.5967137772869964,17.56718590124556,5.785967477998522,intel,0.0005752507206410785,1738.372441994626,0.000976780012419284,0.0003301487164060959,0.0006534643644126899,0.004489882108163503,15.0,3.0,3.0
memory_intensive_and_allocation_heavy,crc_32,java,0.0291051561,0.7692179,26.4109192,0.0011664543909188,0.0781483623507236,2.321784562905429,10,0.0003688652662008,0.0247126820440437,0.7342127454999644,4.0077242221657645,10.159457073310907,intel,0.022388207054414192,44.66637268315035,0.024492713850893952,0.013588461992777941,0.019040587921835946,0.019688758722199273,22.0,5.0,5.0
memory_intensive_and_allocation_heavy,crc_32,rust,0.0022937662,0.2039973,89.08986519999999,0.0002296283965602,0.0211900719575622,6.357709012618123,10,7.261487485828536e-05,0.0067008891168759,2.010484118045345,10.01097655725672,10.387427655935776,intel,0.00046792211163126,2137.1078116266435,0.0005185517283502375,0.0001373465293717256,0.0003279491288609815,0.004211185740341754,7.0,2.0,2.0
memory_intensive_and_allocation_heavy,huffman_coding,c,0.0020257833,0.2016232,99.4622363,5.844071594749295e-05,0.01512133569791,5.644544705381172,10,1.8480577048500288e-05,0.0047817862069407,1.7849617623648586,2.884845380426078,7.499799476404522,intel,0.00040844491145255996,2448.3105847583756,0.0004178528891799545,2.9010961598336293e-06,0.00021037699266989409,0.0041254042366958895,5.0,1.0,1.0
memory_intensive_and_allocation_heavy,huffman_coding,cpp,0.0026363474,0.2043267999999999,77.6719123,0.0001439441276878,0.0150303252777694,6.741043847719778,10,4.551912992997803e-05,0.0047530061850954,2.131705236585975,5.459983296885356,7.3560224492183375,intel,0.0005386764279303197,1856.4020034107648,0.000532527663444209,0.0003092174877211193,0.0004208725755826642,0.00426391854017771,9.0,3.0,3.0
memory_intensive_and_allocation_heavy,huffman_coding,go,0.0026866815,0.2150872999999999,83.3431659,0.0007826151711728,0.0179617848225367,13.449783925983798,10,0.0002474846472308,0.0056800150881059,4.253195124323032,29.12943611562449,8.350927657066103,intel,0.0005778710697949498,1730.4898138521407,0.000988940560496496,0.0003344698074767107,0.0006617051839866034,0.004497066214641572,16.0,4.0,4.0
memory_intensive_and_allocation_heavy,huffman_coding,java,0.0399011047,1.0453833,26.1877727,0.0020023190784486,0.0973620362416595,1.8936734598808536,10,0.0006331888890307,0.0307885792155503,0.5988321277834985,5.018204617399037,9.313525119605366,intel,0.041711948504931505,23.97394597573816,0.03620643071159778,0.019004725442648498,0.02760557807712314,0.02694303774473767,25.0,5.0,5.0
memory_intensive_and_allocation_heavy,huffman_coding,rust,0.0022800785,0.2052363999999999,90.2252405,0.0001294974860049,0.0123698175967868,6.852417100607206,10,4.095070070415294e-05,0.0039116797846676,2.1669245515405944,5.679518753629945,6.0271070808038205,intel,0.00046795510305739973,2136.9571428251725,0.0005711088791087939,0.00013047949137723246,0.0003507941852430132,0.0042354285267840455,8.0,2.0,2.0
memory_intensive_and_allocation_heavy,priority_queue,c,0.0020441406,0.1968444,96.4756974,8.455667743419853e-05,0.0064412872626517,5.838426585369144,10,2.673916920682297e-05,0.002036913881341,1.8462725961445996,4.136539210375183,3.272273563612569,intel,0.00040237762992264,2485.227621108701,0.00021515729395357405,1.2110844808350712e-05,0.00011363406938096238,0.0040273046490558245,3.0,1.0,1.0
memory_intensive_and_allocation_heavy,priority_queue,cpp,0.0026629041,0.2080562,78.6332795,0.000288271381491,0.0154286084689737,7.529269948632474,10,9.115941497550684e-05,0.004878954388892,2.38096421559376,10.825451111478785,7.4155965883130435,intel,0.0005540337080104199,1804.9443301763736,0.0006907123442923895,0.0003225408267706565,0.000506626585531523,0.004345941574656984,11.0,3.0,3.0
memory_intensive_and_allocation_heavy,priority_queue,go,0.0027101994,0.2087273999999999,79.4519241,0.0006234955198524,0.014616751510206,12.97027917406589,10,0.0001971665953644,0.0046222226764957,4.101562407829574,23.005522023671915,7.002794798481683,intel,0.0005656928742435597,1767.7436742281623,0.0007191816846112826,0.0003462685985702244,0.0005327251415907535,0.004366387615560825,12.0,4.0,4.0
memory_intensive_and_allocation_heavy,priority_queue,java,0.0376869002,0.949961,25.4739099,0.0054185691123167,0.1118741677203057,3.1127452380918417,10,0.0017135020053957,0.0353777181331853,0.9843364728213332,14.377858310343983,11.776711646089234,intel,0.0358010854008922,27.932114035153777,0.0321590380824084,0.017893872163494418,0.02502645512295141,0.024639180095230487,23.0,5.0,5.0
memory_intensive_and_allocation_heavy,priority_queue,rust,0.0023098054,0.2014522,87.2937588,0.0003268788603141,0.0290810713496673,5.583898067860675,10,0.0001033681717552,0.0091962422262815,1.7657836116653187,14.151792194880716,14.435717926965983,intel,0.00046531537940188,2149.080052512788,0.00041059982422981807,0.00014539330098428804,0.00027799656260705304,0.004159776948739549,6.0,2.0,2.0
memory_intensive_and_allocation_heavy,tree_traversal,c,0.0020822586,0.1917718,92.1625945,7.420812615310777e-05,0.0091541738968261,4.766341974629886,10,2.3466669953692958e-05,0.0028948039611229,1.5072496747094928,3.5638285347030263,4.773472375409818,intel,0.00039931847978747994,2504.266771055041,0.0,3.123441957066151e-05,1.5617209785330756e-05,0.003925664831007659,1.0,1.0,1.0
memory_intensive_and_allocation_heavy,tree_traversal,cpp,0.0025984453,0.2134396,82.21692909999999,0.0001133058214931,0.0099302015331456,4.0190238824481685,10,3.583044680747546e-05,0.0031402054469236,1.270926943914903,4.360523636696569,4.652464459803002,intel,0.00055461112545388,1803.0651642294856,0.00091905240190972,0.0002902022287096659,0.0006046273153096929,0.004450599639272285,13.0,4.0,4.0
memory_intensive_and_allocation_heavy,tree_traversal,go,0.0025767316,0.2055233,80.2797911,0.0003479155205608,0.0200068948340315,6.9016458146710775,10,0.0001100205478295,0.0063267356582996,2.182492037812894,13.502202579457276,9.73461151802817,intel,0.00052957838164628,1888.294603135684,0.0005832779103029152,0.00027930859406680956,0.00043129325218486237,0.004281124838624195,10.0,3.0,3.0
memory_intensive_and_allocation_heavy,tree_traversal,java,0.0284256917999999,0.7462934000000001,26.2217673,0.0008277576913169,0.0769569900473995,2.314960862450982,10,0.0002617599655284,0.0243359370420691,0.7320549019492864,2.9120054390970744,10.311894765168704,intel,0.021213906180774046,47.138890474885294,0.023520357783938413,0.013247578779089572,0.018383968281513993,0.01911555235531038,21.0,5.0,5.0
memory_intensive_and_allocation_heavy,tree_traversal,rust,0.002253571,0.1948909999999999,86.5038622,9.350493008867972e-05,0.016108960874136,6.626697084310616,10,2.95688551535038e-05,0.0050941007100806,2.09554561504184,4.149189445936237,8.26562584939069,intel,0.0004392007057609997,2276.8633722191034,0.00013230269118400158,0.00011718083567619995,0.00012474176343010076,0.004014200606600988,2.0,2.0,2.0
memory_intensive_and_allocation_heavy,word_frequency_counter,c,0.0027451361,0.2135371,77.8403155,0.0001916461598754,0.0180034528567901,4.891262691215776,10,6.060383700310477e-05,0.0056931916774922,1.546753073844671,6.981299028321547,8.431065541674116,intel,0.00058618840189931,1705.9361747177159,0.0009231879213988328,0.0003637961339707813,0.000643492027684807,0.004472262249081053,14.0,1.0,1.0
memory_intensive_and_allocation_heavy,word_frequency_counter,cpp,0.0032069293,0.2214105,69.0822754,0.0001499742389227,0.0108098116773605,2.6779012725077216,10,4.742601853461404e-05,0.0034183625977944,0.8468267370187643,4.676568296118704,4.882248889443145,intel,0.0007100478197776501,1408.3558489245806,0.0012571427844304275,0.0005954750464249184,0.0009263089154276729,0.004699668463665278,19.0,3.0,3.0
memory_intensive_and_allocation_heavy,word_frequency_counter,go,0.0036388124,0.2348628,64.6569484,0.0001314765160291,0.0123710605922765,4.688101575111832,10,4.1576524947565726e-05,0.0039120728543545,1.4825078879576334,3.613171045287204,5.267356342629203,intel,0.00085462166893872,1170.1084074334467,0.0018277299518498294,0.0008121482389174052,0.0013199390953836172,0.005040465188322494,20.0,4.0,4.0
memory_intensive_and_allocation_heavy,word_frequency_counter,java,0.0384286715,1.0284945,26.907660900000003,0.0068583449371911,0.159662664048125,2.4036768963349777,10,0.0021687990980608,0.0504897675682354,0.7601093751542966,17.846947785304373,15.52392006453365,intel,0.03952367728005675,25.301289475526357,0.03549008238803135,0.018266014429932493,0.02687804840898192,0.026390820598590634,24.0,5.0,5.0
memory_intensive_and_allocation_heavy,word_frequency_counter,rust,0.0028219375,0.2183467,77.5160115,0.0002234761269508,0.016357498729261,4.915988720453592,10,7.066935638375695e-05,0.0051726952807774,1.5545721308330127,7.919244382656676,7.491525509321219,intel,0.0006161607407312499,1622.9531255321715,0.0011271899166279277,0.00040232694132557803,0.0007647584289767528,0.004583731657981428,18.0,2.0,2.0
string_and_text_processing,anagram_checker,c,0.1910825073,4.1143574,21.5433062,0.0069766556495103,0.1032091519792052,0.4652969022242799,10,0.0022062122303134,0.0326375995628763,0.147139799924939,3.6511220980353545,2.5085120699335746,intel,0.7861817279203092,1.2719705438147304,0.16637876098987797,0.09485153942271377,0.13061515020629588,0.11173067106029524,21.0,1.0,1.0
string_and_text_processing,anagram_checker,cpp,0.2569515341,4.6607485,18.129729500000003,0.002328113128689,0.3823126627554556,1.375841367669031,10,0.0007362140137198,0.1208978792631064,0.4350792420915287,0.9060514609665644,8.202816838442487,intel,1.197586477129274,0.8350127686787955,0.1895542588640089,0.12789763991409478,0.15872594938905182,0.13203364465449643,22.0,2.0,2.0
string_and_text_processing,anagram_checker,go,0.6598154533,10.6884371,16.1963959,0.0110393848790821,0.4855661374557079,0.6170204527035904,10,0.0034909600185121,0.1535494949010433,0.1951189993451544,1.6731018990036892,4.54291055757542,intel,7.052395970205038,0.14179578177754057,0.44522219403942276,0.3300120813291425,0.38761713768428263,0.31272483357079284,25.0,5.0,5.0
string_and_text_processing,anagram_checker,java,0.3509374956,6.9233466,19.7247098,0.0052888981000937,0.3301067780542797,0.8244744422078549,10,0.0016724964308833,0.104388928971121,0.2607217109973685,1.507076948574919,4.768023285939198,intel,2.429661916974775,0.41157989636892434,0.2855236797725168,0.1750498399600816,0.2302867598662992,0.19220736591049348,24.0,4.0,4.0
string_and_text_processing,anagram_checker,rust,0.2526164852,4.7556457000000005,18.816517,0.0042998021201551,0.386659729836354,1.3950099561265594,10,0.0013597168187711,0.1222725425748243,0.4411408819971489,1.7021067001034853,8.130541134221877,intel,1.2013545015904938,0.8323937677647046,0.19357937906977538,0.12572277156482609,0.15965107531730072,0.13345088556237122,23.0,3.0,3.0
string_and_text_processing,command_line_argument_parser,c,0.0021561332,0.1959347,91.5247629,0.0001761082016739,0.0148072369247082,10.863930613094778,10,5.569030319260656e-05,0.0046824594535825,3.435476507940898,8.167779322445549,7.5572305082807105,intel,0.00042246131170203994,2367.080658749873,0.00017657183673053877,6.829686870586837e-05,0.00012243435271820356,0.004023135330920339,1.0,1.0,1.0
string_and_text_processing,command_line_argument_parser,cpp,0.0025814461,0.2080074,80.6416468,0.0001054546340896,0.015720187991525,6.093974454144349,10,3.334768335430345e-05,0.0049711599299246,1.9270839277977467,4.085099204267048,7.55751381514555,intel,0.00053695989150114,1862.3364907281477,0.0006886424637686084,0.0002816738307848146,0.0004851581472767115,0.0043340246465407945,3.0,3.0,3.0
string_and_text_processing,command_line_argument_parser,go,0.0024671821,0.2124753,86.5253484,0.0002644472307602,0.0218829197120087,8.980816625548888,10,8.362555701265411e-05,0.0069199868144543,2.8399835785042016,10.718593927876393,10.299041682496169,intel,0.00052421525685213,1907.6133075655193,0.000878151053772782,0.000224348258964659,0.0005512496563687205,0.004412760650797716,4.0,4.0,4.0
string_and_text_processing,command_line_argument_parser,java,0.0224094788999999,0.6205122000000001,27.6692441,0.000573742026462,0.0608266541096728,2.435640996073128,10,0.000181433159298,0.0192350769433807,0.7702173110072309,2.560264917458828,9.802652407103814,intel,0.01390535505309252,71.91474048536448,0.018185274666359018,0.010229280411412113,0.014207277538885565,0.015664604390012847,13.0,5.0,5.0
string_and_text_processing,command_line_argument_parser,rust,0.002259062,0.199499,88.85242339999999,0.0002910072675698,0.0133684134270135,4.950222190225254,10,9.202457811826386e-05,0.0042274635132139,1.5653977045019107,12.881774274889564,6.700992700220822,intel,0.000450680609938,2218.8662612699704,0.0003277537045771513,0.00011993563784367605,0.00022384467121041367,0.004111894555103831,2.0,2.0,2.0
string_and_text_processing,longest_common_subsequence,c,0.0063425029999999,0.2784353,43.908286700000005,9.171421688169298e-05,0.0103629488837235,1.769607883758752,10,2.900258191648153e-05,0.0032770521748465,0.5595991478068143,1.446025597176588,3.7218516774717543,intel,0.001765976725555872,566.2588784601521,0.0036758830076381987,0.0021685737943834675,0.002922228401010833,0.006318757477851607,5.0,1.0,1.0
string_and_text_processing,longest_common_subsequence,cpp,0.0069140763999999,0.2870658,41.505112,0.0001570231327141,0.0163991793886835,1.870939186460048,10,4.9655074471173455e-05,0.0051858758625927,0.591642919287621,2.2710644723883737,5.712690048303735,intel,0.0019847948730270914,503.8304026223422,0.00404195070969756,0.0024553287827629275,0.0032486397462302436,0.006576770797938154,6.0,2.0,2.0
string_and_text_processing,longest_common_subsequence,go,0.0089559523,0.3354791,38.0886359,0.0015007137018232,0.0141498638976571,4.2652630387993,10,0.0004745673413584,0.0044745798497984,1.348794602233692,16.756606685178973,4.217807874665566,intel,0.00300453481724693,332.8302252514101,0.006095429126951541,0.0034797258242922004,0.00478757747562187,0.007868443624230032,9.0,4.0,4.0
string_and_text_processing,longest_common_subsequence,java,0.0466504613,1.1697053,25.1572866,0.0027965011101505,0.0817611150242651,2.2795611567217726,10,0.0008843312987265,0.025855134751169,0.7208605320888851,5.994584045304017,6.989890105162824,intel,0.05456729183005489,18.325996516638824,0.041479621008269345,0.022390837660959974,0.03193522933461466,0.03046129552251972,15.0,5.0,5.0
string_and_text_processing,longest_common_subsequence,rust,0.0069407791,0.2991508,43.1136757,0.0001177894736274,0.0131187666408766,2.080000354064448,10,3.724830210550982e-05,0.0041485182677406,0.6577538652800321,1.697064146983968,4.385335637035455,intel,0.0020763396203882798,481.61677896075497,0.004554543048425025,0.0024687253691475087,0.0035116342087862665,0.006834628844196338,8.0,3.0,3.0
string_and_text_processing,palindrome_detection,c,0.0266994422,0.7148606,26.7756089,0.0003145093711381,0.0145797115746505,0.5225448553910524,10,9.945659582638716e-05,0.0046105096204215,0.1652431922639041,1.1779623288840837,2.039518134675568,intel,0.01908637927075732,52.39338408894153,0.022187117199349855,0.012381529582279472,0.017284323390814663,0.01822337301580865,14.0,1.0,1.0
string_and_text_processing,palindrome_detection,cpp,0.0742157921,1.7584917,23.6962636,0.0005907381084166,0.0227139416954531,0.4004490133330047,10,0.0001868077923256,0.0071827790397898,0.126633096889943,0.7959735949737671,1.29167181712903,intel,0.13050785441677556,7.662374072954335,0.06645334031211084,0.03622020080702304,0.05133677055956694,0.046535525627332444,18.0,3.0,3.0
string_and_text_processing,palindrome_detection,go,0.0845853254,1.9979013,23.6243491,0.0013474439903104,0.0237210534151041,0.4128843689725707,10,0.0004260992028886,0.0075012557290244,0.1305655016234678,1.5929997123478288,1.1872985625017694,intel,0.16899313157758303,5.91740025564832,0.07660803843191281,0.04142253422726604,0.059015286329589425,0.05295939515117327,19.0,4.0,4.0
string_and_text_processing,palindrome_detection,java,0.0557977737,1.3527492,24.2240111,0.0010782173503118,0.1360384595209915,2.232236382598028,10,0.0003409622639697,0.0430191381466951,0.7058951244904816,1.932366255522982,10.056443538905178,intel,0.07548039373445604,13.248473550867422,0.049243535016609954,0.02697999009696432,0.03811176255678714,0.0355357401526944,16.0,2.0,2.0
string_and_text_processing,palindrome_detection,rust,0.1096184376999999,2.5764094,23.5208688,0.0049820952808679,0.0684983485903128,0.4681209112395358,10,0.0015754768607519,0.0216610797505572,0.1480328299870448,4.544942790101401,2.658674843769503,intel,0.28242197330359414,3.540800980542097,0.10114579763354972,0.05398149835451232,0.07756364799403102,0.06847882145614036,20.0,5.0,5.0
string_and_text_processing,sha1_pure_implementation,c,0.0102781694,0.3597769,35.0149981,0.0002862721819757,0.0160288344862902,1.5403823673425625,10,9.05272125789564e-05,0.0050687625214532,0.4871116748364666,2.785244831397192,4.45521501972202,intel,0.0036978479244068603,270.42756231258517,0.007126034516106047,0.004143074309623434,0.005634554412864741,0.008556475904261528,11.0,3.0,3.0
string_and_text_processing,sha1_pure_implementation,cpp,0.011047346,0.3834156,34.7342964,0.0002308256100103,0.0181570552017666,2.107954697026438,10,7.299346699305807e-05,0.005741765003899,0.6665938047053708,2.0894213869139757,4.735606793715911,intel,0.0042357247949976005,236.08710395467665,0.00812868379351415,0.0045289656527033465,0.0063288247231087485,0.009156703818768559,12.0,4.0,4.0
string_and_text_processing,sha1_pure_implementation,go,0.0097933818,0.3618277,37.7320848,0.0019466080677628,0.0216458170249537,4.555422613532746,10,0.0006155715205789,0.0068450083614103,1.4405511163400453,19.876770940992188,5.982354868063927,intel,0.00354351681191586,282.2055187200689,0.007213020396806276,0.0038998592429242028,0.00555643981986524,0.008534816978225163,10.0,2.0,2.0
string_and_text_processing,sha1_pure_implementation,java,0.0624866373,1.5371114,24.6093806,0.0021976927889363,0.0337289150769287,0.3472788700873632,10,0.0006949714810366,0.0106660194649488,0.1098192212725785,3.517060421070718,2.1943051802835303,intel,0.09604892254149522,10.411360935027442,0.0570633654900018,0.030335753335578627,0.04369955941279022,0.040309254667813786,17.0,5.0,5.0
string_and_text_processing,sha1_pure_implementation,rust,0.006874104,0.2962335,43.1010111,0.000172525938965,0.015302625179651,2.0950751281165423,10,5.455749225888037e-05,0.004839114974754,0.6625209274017346,2.5097952979045224,5.165730810205811,intel,0.002036339887284,491.07715575603913,0.00443080406375232,0.002435274866507429,0.0034330394651298744,0.0067643303050409515,7.0,1.0,1.0
